{
	"credit": "Made with Blockbench",
	"texture_size": [64, 64],
	"textures": {
		"0": "./crussbow"
	},
	"elements": [
		{
			"from": [7.25, 14.5, -1],
			"to": [8.75, 17, 16.5],
			"rotation": {"angle": 0, "axis": "y", "origin": [15.75, 23, 6.5]},
			"faces": {
				"north": {"uv": [8.75, 3, 9.5, 4.25], "texture": "#0"},
				"east": {"uv": [8.75, 3, 0, 4.25], "texture": "#0"},
				"south": {"uv": [8.75, 4.25, 9.5, 5.5], "texture": "#0"},
				"west": {"uv": [0, 3, 8.75, 4.25], "texture": "#0"},
				"up": {"uv": [0, 4.25, 8.75, 5.25], "rotation": 90, "texture": "#0"},
				"down": {"uv": [0, 5.25, 8.75, 6], "rotation": 270, "texture": "#0"}
			}
		},
		{
			"from": [6.75, 16, -2],
			"to": [9.25, 19, 3],
			"rotation": {"angle": 0, "axis": "y", "origin": [15.25, 24.5, 5.5]},
			"faces": {
				"north": {"uv": [5.5, 6, 6.75, 7.5], "texture": "#0"},
				"east": {"uv": [5.5, 6, 3, 7.5], "texture": "#0"},
				"south": {"uv": [5.5, 7.5, 6.75, 9], "texture": "#0"},
				"west": {"uv": [3, 6, 5.5, 7.5], "texture": "#0"},
				"up": {"uv": [3, 7.5, 5.5, 8.75], "rotation": 90, "texture": "#0"},
				"down": {"uv": [3, 8.75, 5.5, 10], "rotation": 270, "texture": "#0"}
			}
		},
		{
			"from": [6.75, 16, -5],
			"to": [6.75, 17.5, -2],
			"rotation": {"angle": 0, "axis": "y", "origin": [15.25, 24.5, 2.5]},
			"faces": {
				"north": {"uv": [5.5, 6, 6.75, 7.5], "texture": "#0"},
				"east": {"uv": [4.5, 10, 3, 10.75], "texture": "#0"},
				"south": {"uv": [5.5, 7.5, 6.75, 9], "texture": "#0"},
				"west": {"uv": [3, 10, 4.5, 10.75], "texture": "#0"},
				"up": {"uv": [3, 7.5, 5.5, 8.75], "rotation": 90, "texture": "#0"},
				"down": {"uv": [3, 8.75, 5.5, 10], "rotation": 270, "texture": "#0"}
			}
		},
		{
			"from": [9.25, 16, -5],
			"to": [9.25, 17.5, -2],
			"rotation": {"angle": 0, "axis": "y", "origin": [17.75, 24.5, 2.5]},
			"faces": {
				"north": {"uv": [5.5, 6, 6.75, 7.5], "texture": "#0"},
				"east": {"uv": [4.5, 10, 3, 10.75], "texture": "#0"},
				"south": {"uv": [5.5, 7.5, 6.75, 9], "texture": "#0"},
				"west": {"uv": [3, 10, 4.5, 10.75], "texture": "#0"},
				"up": {"uv": [3, 7.5, 5.5, 8.75], "rotation": 90, "texture": "#0"},
				"down": {"uv": [3, 8.75, 5.5, 10], "rotation": 270, "texture": "#0"}
			}
		},
		{
			"from": [-2.75, 16, 0],
			"to": [6.75, 18, 0],
			"rotation": {"angle": 22.5, "axis": "y", "origin": [6.75, 17.75, 0]},
			"faces": {
				"north": {"uv": [3.5, 2, 8.25, 3], "texture": "#0"},
				"east": {"uv": [0, 0, 0, 0], "texture": "#0"},
				"south": {"uv": [8.25, 2, 3.5, 3], "texture": "#0"},
				"west": {"uv": [18.33333, 2.5, 19.66667, 5], "texture": "#0"},
				"up": {"uv": [12, 5, 18.33333, 7], "rotation": 180, "texture": "#0"},
				"down": {"uv": [12, 4.5, 18.33333, 5], "rotation": 180, "texture": "#0"}
			}
		},
		{
			"from": [9.25, 16, 0],
			"to": [18.75, 18, 0],
			"rotation": {"angle": -22.5, "axis": "y", "origin": [9.25, 17.75, 0]},
			"faces": {
				"north": {"uv": [8.25, 2, 3.5, 3], "texture": "#0"},
				"east": {"uv": [19.66667, 2.5, 18.33333, 5], "texture": "#0"},
				"south": {"uv": [3.5, 2, 8.25, 3], "texture": "#0"},
				"west": {"uv": [0, 0, 0, 0], "texture": "#0"},
				"up": {"uv": [12, 5, 18.33333, 7], "texture": "#0"},
				"down": {"uv": [12, 4.5, 18.33333, 5], "rotation": 180, "texture": "#0"}
			}
		},
		{
			"from": [8, 11.5, 1],
			"to": [8, 14.5, 11.5],
			"rotation": {"angle": 0, "axis": "y", "origin": [16.5, 20, 8.5]},
			"faces": {
				"north": {"uv": [6.66667, 0, 7.66667, 3], "texture": "#0"},
				"east": {"uv": [10.25, 0, 5, 1.5], "texture": "#0"},
				"south": {"uv": [6.33333, 0, 6.66667, 3], "texture": "#0"},
				"west": {"uv": [5, 0, 10.25, 1.5], "texture": "#0"},
				"up": {"uv": [0, 0, 0, 0], "texture": "#0"},
				"down": {"uv": [0, 3, 6.66667, 4.5], "rotation": 270, "texture": "#0"}
			}
		},
		{
			"from": [8, 17, 3],
			"to": [8, 19, 6],
			"rotation": {"angle": 0, "axis": "y", "origin": [16, 25, 11]},
			"faces": {
				"north": {"uv": [0, 0, 0, 1], "texture": "#0"},
				"east": {"uv": [2.75, 10.25, 1.25, 11.25], "texture": "#0"},
				"south": {"uv": [0, 0, 0, 1], "texture": "#0"},
				"west": {"uv": [1.25, 10.25, 2.75, 11.25], "texture": "#0"},
				"up": {"uv": [0, 0, 0, 2.66666], "texture": "#0"},
				"down": {"uv": [0, 0, 0, 2.66666], "texture": "#0"}
			}
		},
		{
			"from": [7, 8, 12.5],
			"to": [9, 14.5, 14.5],
			"rotation": {"angle": -45, "axis": "x", "origin": [7, 14.5, 12.5]},
			"faces": {
				"north": {"uv": [1, 7, 2, 10.25], "texture": "#0"},
				"east": {"uv": [1, 7, 0, 10.25], "texture": "#0"},
				"south": {"uv": [2, 7, 3, 10.25], "texture": "#0"},
				"west": {"uv": [0, 7, 1, 10.25], "texture": "#0"},
				"up": {"uv": [0, 7, 1, 7.25], "rotation": 90, "texture": "#0"},
				"down": {"uv": [0, 10, 1, 10.25], "rotation": 270, "texture": "#0"}
			}
		},
		{
			"from": [6.5, 16.5, 6],
			"to": [9.5, 19.5, 13],
			"rotation": {"angle": 0, "axis": "x", "origin": [8, 16.5, 15]},
			"faces": {
				"north": {"uv": [3.5, 0, 5, 1.5], "texture": "#0"},
				"east": {"uv": [3.5, 0, 0, 1.5], "texture": "#0"},
				"south": {"uv": [3.5, 0, 5, 1.5], "texture": "#0"},
				"west": {"uv": [0, 0, 3.5, 1.5], "texture": "#0"},
				"up": {"uv": [0, 1.5, 3.5, 3], "rotation": 90, "texture": "#0"},
				"down": {"uv": [0, 1.25, 3.5, 1.5], "rotation": 270, "texture": "#0"}
			}
		},
		{
			"from": [7.25, 17, 16.5],
			"to": [8.75, 19.5, 16.5],
			"rotation": {"angle": 0, "axis": "x", "origin": [8.75, 17, 25.5]},
			"faces": {
				"north": {"uv": [9.5, 5.5, 8.75, 5.75], "texture": "#0"},
				"east": {"uv": [0, 5, 6.25, 5.66667], "texture": "#0"},
				"south": {"uv": [8.75, 5.5, 9.5, 5.75], "texture": "#0"},
				"west": {"uv": [6.25, 5.66667, 0, 6.33333], "texture": "#0"},
				"up": {"uv": [0, 6.33333, 6.25, 7.33333], "rotation": 270, "texture": "#0"},
				"down": {"uv": [0, 1.66667, 4.25, 2], "rotation": 90, "texture": "#0"}
			}
		},
		{
			"from": [6.75, 9.5, 12],
			"to": [9.25, 15, 12],
			"rotation": {"angle": -22.5, "axis": "x", "origin": [6.75, 15, 12]},
			"faces": {
				"north": {"uv": [0, 10.25, 1.25, 13], "texture": "#0"},
				"east": {"uv": [0, 5, 6.25, 5.66667], "texture": "#0"},
				"south": {"uv": [0, 10.25, 1.25, 13], "texture": "#0"},
				"west": {"uv": [6.25, 5.66667, 0, 6.33333], "texture": "#0"},
				"up": {"uv": [0, 6.33333, 6.25, 7.33333], "rotation": 270, "texture": "#0"},
				"down": {"uv": [0, 1.66667, 4.25, 2], "rotation": 90, "texture": "#0"}
			}
		},
		{
			"from": [7, 17, 13],
			"to": [9, 19, 15.5],
			"rotation": {"angle": 0, "axis": "x", "origin": [8.5, 17, 22]},
			"faces": {
				"east": {"uv": [0, 6, 1.25, 7], "rotation": 180, "texture": "#0"},
				"south": {"uv": [6.75, 6, 7.75, 7], "texture": "#0"},
				"west": {"uv": [0, 6, 1.25, 7], "texture": "#0"},
				"up": {"uv": [0, 6, 1.25, 7], "rotation": 90, "texture": "#0"},
				"down": {"uv": [0, 6, 1.25, 7], "rotation": 270, "texture": "#0"}
			}
		},
		{
			"from": [7, 17, 15.5],
			"to": [9, 19, 17],
			"rotation": {"angle": 0, "axis": "x", "origin": [8.5, 17, 22]},
			"faces": {
				"north": {"uv": [6.75, 7, 7.75, 8], "texture": "#0"},
				"east": {"uv": [1.25, 6, 2, 7], "rotation": 180, "texture": "#0"},
				"south": {"uv": [2, 6, 3, 7], "texture": "#0"},
				"west": {"uv": [1.25, 6, 2, 7], "texture": "#0"},
				"up": {"uv": [1.25, 6, 2, 7], "rotation": 90, "texture": "#0"},
				"down": {"uv": [1.25, 6, 2, 7], "rotation": 270, "texture": "#0"}
			}
		}
	],
	"display": {
		"thirdperson_righthand": {
			"rotation": [4, -15, 5],
			"translation": [-0.5, -5, -4],
			"scale": [0.8, 0.8, 0.8]
		},
		"thirdperson_lefthand": {
			"rotation": [4, -15, 5],
			"translation": [-0.5, -5, -4],
			"scale": [0.8, 0.8, 0.8]
		},
		"firstperson_righthand": {
			"rotation": [2.5, -10, 1.5],
			"translation": [11, -4.25, -4.25]
		},
		"firstperson_lefthand": {
			"translation": [-8.9, -5.5, -3.75]
		},
		"ground": {
			"translation": [0, -4, 1],
			"scale": [0.8, 0.8, 0.8]
		},
		"gui": {
			"rotation": [-30, 130, 4],
			"translation": [0.5, -4.5, 0],
			"scale": [0.77, 0.77, 0.77]
		},
		"head": {
			"rotation": [-2, 39, 0],
			"translation": [2, 0, 2.75]
		},
		"fixed": {
			"rotation": [0, 90, 0],
			"translation": [1, -7.75, -1.5]
		}
	}
}