{
	"credit": "Made with Blockbench",
	"textures": {
		"0": "./ksepsp",
		"1": "./back",
		"particle": "revolut"
	},
	"elements": [
		{
			"from": [16, 0, 7.75],
			"to": [24, 8, 8.25],
			"faces": {
				"north": {"uv": [0, 8, 4, 16], "texture": "#0"},
				"east": {"uv": [0, 8, 0.25, 16], "texture": "#0"},
				"south": {"uv": [0, 0, 16, 16], "texture": "#1"},
				"up": {"uv": [0, 0, 8, 1], "texture": "#0"},
				"down": {"uv": [0, 15.5, 4, 16], "texture": "#0"}
			}
		},
		{
			"from": [8, 0, 7.75],
			"to": [16, 8, 8.25],
			"faces": {
				"north": {"uv": [4, 8, 8, 16], "texture": "#0"},
				"south": {"uv": [0, 0, 16, 16], "texture": "#1"},
				"west": {"uv": [15.5, 0, 16, 16], "texture": "#0"},
				"up": {"uv": [8, 0, 16, 1], "texture": "#0"},
				"down": {"uv": [4, 15.5, 8, 16], "texture": "#0"}
			}
		},
		{
			"from": [16, 8, 7.75],
			"to": [24, 16, 8.25],
			"faces": {
				"north": {"uv": [0, 0, 4, 8], "texture": "#0"},
				"east": {"uv": [0, 0, 0.25, 8], "texture": "#0"},
				"south": {"uv": [0, 0, 16, 16], "texture": "#1"},
				"up": {"uv": [0, 0, 4, 0.5], "texture": "#0"},
				"down": {"uv": [0, 15, 8, 16], "texture": "#0"}
			}
		},
		{
			"from": [8, 8, 7.75],
			"to": [16, 16, 8.25],
			"faces": {
				"north": {"uv": [4, 0, 8, 8], "texture": "#0"},
				"south": {"uv": [0, 0, 16, 16], "texture": "#1"},
				"west": {"uv": [15.5, 0, 16, 16], "texture": "#0"},
				"up": {"uv": [4, 0, 8, 0.5], "texture": "#0"},
				"down": {"uv": [8, 15, 16, 16], "texture": "#0"}
			}
		},
		{
			"from": [0, 0, 7.75],
			"to": [8, 8, 8.25],
			"faces": {
				"north": {"uv": [8, 8, 12, 16], "texture": "#0"},
				"east": {"uv": [0, 0, 0.5, 16], "texture": "#0"},
				"south": {"uv": [0, 0, 16, 16], "texture": "#1"},
				"up": {"uv": [0, 0, 8, 1], "texture": "#0"},
				"down": {"uv": [8, 15.5, 12, 16], "texture": "#0"}
			}
		},
		{
			"from": [-8, 0, 7.75],
			"to": [0, 8, 8.25],
			"faces": {
				"north": {"uv": [12, 8, 16, 16], "texture": "#0"},
				"south": {"uv": [0, 0, 16, 16], "texture": "#1"},
				"west": {"uv": [15.75, 8, 16, 16], "texture": "#0"},
				"up": {"uv": [8, 0, 16, 1], "texture": "#0"},
				"down": {"uv": [12, 15.5, 16, 16], "texture": "#0"}
			}
		},
		{
			"from": [0, 8, 7.75],
			"to": [8, 16, 8.25],
			"faces": {
				"north": {"uv": [8, 0, 12, 8], "texture": "#0"},
				"east": {"uv": [0, 0, 0.5, 16], "texture": "#0"},
				"south": {"uv": [0, 0, 16, 16], "texture": "#1"},
				"up": {"uv": [8, 0, 12, 0.5], "texture": "#0"},
				"down": {"uv": [0, 15, 8, 16], "texture": "#0"}
			}
		},
		{
			"from": [-8, 8, 7.75],
			"to": [0, 16, 8.25],
			"faces": {
				"north": {"uv": [12, 0, 16, 8], "texture": "#0"},
				"south": {"uv": [0, 0, 16, 16], "texture": "#1"},
				"west": {"uv": [15.75, 0, 16, 8], "texture": "#0"},
				"up": {"uv": [12, 0, 16, 0.5], "texture": "#0"},
				"down": {"uv": [8, 15, 16, 16], "texture": "#0"}
			}
		}
	],
	"display": {
		"thirdperson_righthand": {
			"rotation": [75, 85, 0],
			"translation": [-1.75, -2.75, 1.25]
		},
		"thirdperson_lefthand": {
			"rotation": [75, 85, 0],
			"translation": [-1.75, -2.75, 1.25]
		},
		"firstperson_righthand": {
			"rotation": [10, 115, -15],
			"translation": [0, 1, 1],
			"scale": [0.65, 0.65, 0.65]
		},
		"firstperson_lefthand": {
			"rotation": [10, 115, -15],
			"translation": [0, 1, 1],
			"scale": [0.65, 0.65, 0.65]
		},
		"ground": {
			"rotation": [90, 0, 0],
			"translation": [0, -1, 0]
		},
		"gui": {
			"rotation": [0, -180, 0],
			"scale": [0.45, 0.45, 0.45]
		},
		"fixed": {
			"translation": [-16, 16, 0.98],
			"scale": [4, 4, 4]
		}
	}
}